,Over Under Confidence,Total Percent Makeup
0,54.55%,14.000000000000002%
1,52.99%,12.0%
2,50.0%,3.0%
3,48.92%,14.000000000000002%
4,54.33%,52.0%
5,48.15%,6.0%
