,Over Under Confidence,Total Percent Makeup
0,48.15%,3.0%
1,53.39%,7.000000000000001%
2,52.7%,57.99999999999999%
3,46.67%,21.0%
4,48.15%,2.0%
5,54.55%,8.0%
