,Over Under Confidence,Total Percent Makeup
0,53.39%,7.000000000000001%
1,48.15%,3.0%
2,52.73%,57.99999999999999%
3,54.55%,8.0%
4,48.15%,2.0%
5,46.73%,21.0%
